Teacher ID,Teacher Name,Subject
T001,James Martin,Mathematics
T002,Emily Taylor,English
T003,David Brown,Science
T004,Sarah White,Physical Education
T005,Michael Smith,History
T006,Jane Jackson,Mathematics
T007,John Smith,English
T008,John Brown,Art
T009,Jane Martin,Physical Education
T010,Mary Brown,Art
T011,Alex Thomas,Computer Science
T012,Jane Anderson,Science
T013,Emily Jackson,Geography
T014,David Smith,Music
T015,Mary Johnson,Geography
T016,Alex Jackson,History
T017,Sophia Smith,History
T018,Alex Smith,English
T019,Alex Harris,History
T020,Michael Jackson,Art
T021,David Taylor,Computer Science
T022,Mary Harris,Geography
T023,David Anderson,English
T024,James Smith,English
T025,David Harris,History
T026,Jane Brown,English
T027,James Johnson,Geography
T028,John Jackson,Mathematics
T029,Michael Martin,Physical Education
T030,Sarah Martin,Music
T031,James Taylor,Science
T032,Sophia Thomas,Physical Education
T033,Sarah Jackson,Mathematics
T034,Sarah Johnson,Computer Science
T035,Alex Brown,Art
T036,Mary Smith,Physical Education
T037,James Martin,Music
T038,Sarah White,Music
T039,John Anderson,English
T040,David Thomas,Geography
T041,Sarah Harris,Art
T042,Sophia Anderson,Art
T043,James White,History
T044,Sarah Brown,English
T045,Alex Smith,History
T046,Michael White,Music
T047,John Anderson,History
T048,Michael Johnson,History
T049,Sarah Taylor,Physical Education
T050,Alex Thomas,English
T051,Sarah Jackson,Geography
T052,Emily Jackson,History
T053,Alex Martin,Computer Science
T054,Michael White,History
T055,James Jackson,History
T056,Emily Jackson,Mathematics
T057,Sarah Johnson,Physical Education
T058,Sophia Anderson,Computer Science
T059,Alex Thomas,Physical Education
T060,John Harris,English
T061,John Jackson,Science
T062,Sophia Johnson,Geography
T063,Sarah Thomas,English
T064,David White,Physical Education
T065,Sophia Brown,History
T066,Emily Smith,Science
T067,Michael Taylor,Computer Science
T068,Michael Brown,Mathematics
T069,James Smith,Geography
T070,David Anderson,Geography
T071,David Brown,Art
T072,Michael Johnson,English
T073,Michael Anderson,Physical Education
T074,Sarah Thomas,Art
T075,Mary Taylor,Science
T076,James Brown,Art
T077,James Anderson,Mathematics
T078,John Martin,History
T079,Emily Smith,English
T080,James Jackson,Computer Science
T081,Sophia Thomas,Geography
T082,John Jackson,Mathematics
T083,Emily Johnson,Art
T084,Jane Harris,Physical Education
T085,James Thomas,Science
T086,Emily Anderson,Art
T087,Mary White,Music
T088,Sarah Thomas,Mathematics
T089,Alex Martin,Geography
T090,James Smith,Mathematics
T091,John Brown,History
T092,James Martin,Science
T093,Mary Brown,Music
T094,Emily Brown,English
T095,Sophia Brown,Geography
T096,Sarah Smith,History
T097,Emily Harris,Science
T098,Alex White,Computer Science
T099,Emily Thomas,English
T100,John Anderson,English
T101,James Harris,Computer Science
